{
  "camera_matrix": [
    [
      312.28864847768455,
      0.0,
      348.97530317167275
    ],
    [
      0.0,
      402.6183949040839,
      280.4612725612072
    ],
    [
      0.0,
      0.0,
      1.0
    ]
  ],
  "dist_coeffs": [
    0.011264535156738838,
    0.09266250026978659,
    0.014949406696477784,
    -0.015290334468127394,
    -0.08555669821663094
  ],
  "image_size": [
    640,
    480
  ],
  "reprojection_error": 0.4554,
  "rms_error": 3.463,
  "calibration_date": "2026-04-01T20:08:42.773341",
  "checkerboard_size": [
    8,
    5
  ],
  "square_size_mm": 27.0,
  "num_images_used": 30
}